,inv_rate_win,cfcr_lag,mp_shock,interaction_term,roa_win,size,sales_growth_win
inv_rate_win,1.0,-0.03759942788016456,0.006560367007855194,0.0046690563867947754,0.08461668184168612,0.07492096716914791,0.08985186760814778
cfcr_lag,-0.03759942788016456,1.0,-0.017676016021793334,-0.06416189258193515,0.14696585932733802,-0.03418216232305687,-0.021169443113127837
mp_shock,0.006560367007855194,-0.017676016021793334,1.0,0.18689515497505282,-0.04306246755082675,0.009880542176110453,-0.0757154222826882
interaction_term,0.0046690563867947754,-0.06416189258193515,0.18689515497505282,1.0,-0.012165230334630172,0.004369356905227849,-0.008148429661198033
roa_win,0.08461668184168612,0.14696585932733802,-0.04306246755082675,-0.012165230334630172,1.0,0.09072067977539684,0.14488773759798962
size,0.07492096716914791,-0.03418216232305687,0.009880542176110453,0.004369356905227849,0.09072067977539684,1.0,0.014416446064283573
sales_growth_win,0.08985186760814778,-0.021169443113127837,-0.0757154222826882,-0.008148429661198033,0.14488773759798962,0.014416446064283573,1.0
